{"cameraMode":{"drawMode":0,"name":"Shaded","section":"Shading Mode"},"sceneLighting":true,"audioPlay":false,"sceneViewState":{"showFog":true,"showMaterialUpdate":false,"showSkybox":true,"showFlares":true,"showImageEffects":true,"showParticleSystems":true,"showVisualEffectGraphs":true,"m_FxEnabled":true},"in2DMode":false,"pivot":{"x":0.49712830781936648,"y":2.4565141201019289,"z":-5.7136101722717289},"rotation":{"x":0.00596899539232254,"y":-0.9345020055770874,"z":0.015713930130004884,"w":0.3556053340435028},"size":0.5213037133216858,"orthographic":false}