{"cameraMode":{"drawMode":0,"name":"Shaded","section":"Shading Mode"},"sceneLighting":true,"audioPlay":false,"sceneViewState":{"showFog":true,"showMaterialUpdate":false,"showSkybox":true,"showFlares":true,"showImageEffects":true,"showParticleSystems":true,"showVisualEffectGraphs":true,"m_FxEnabled":true},"in2DMode":false,"pivot":{"x":10.75058364868164,"y":12.756511688232422,"z":0.7093932628631592},"rotation":{"x":-0.0003165645175613463,"y":0.9996691346168518,"z":0.02068648487329483,"w":0.015297116711735726},"size":21.094575881958009,"orthographic":false}