{"cameraMode":{"drawMode":0,"name":"Shaded","section":"Shading Mode"},"sceneLighting":false,"audioPlay":false,"sceneViewState":{"showFog":true,"showMaterialUpdate":false,"showSkybox":false,"showFlares":true,"showImageEffects":true,"showParticleSystems":true,"showVisualEffectGraphs":true,"m_FxEnabled":true},"in2DMode":false,"pivot":{"x":-0.0005499981343746185,"y":-0.10476715862751007,"z":-0.14635521173477174},"rotation":{"x":-0.21286210417747498,"y":0.5654094219207764,"z":-0.15393531322479249,"w":-0.7818633913993836},"size":0.15864647924900056,"orthographic":false}