{"cameraMode":{"drawMode":0,"name":"Shaded","section":"Shading Mode"},"sceneLighting":false,"audioPlay":false,"sceneViewState":{"showFog":true,"showMaterialUpdate":false,"showSkybox":false,"showFlares":true,"showImageEffects":true,"showParticleSystems":true,"showVisualEffectGraphs":true,"m_FxEnabled":true},"in2DMode":false,"pivot":{"x":-0.00286141037940979,"y":0.016748003661632539,"z":0.005461417138576508},"rotation":{"x":-0.009119153954088688,"y":-0.9867702126502991,"z":0.1494387984275818,"w":-0.059568360447883609},"size":0.1442118138074875,"orthographic":false}