{"cameraMode":{"drawMode":0,"name":"Shaded","section":"Shading Mode"},"sceneLighting":false,"audioPlay":false,"sceneViewState":{"showFog":true,"showMaterialUpdate":false,"showSkybox":false,"showFlares":true,"showImageEffects":true,"showParticleSystems":true,"showVisualEffectGraphs":true,"m_FxEnabled":true},"in2DMode":false,"pivot":{"x":7.450580596923828e-9,"y":0.021184012293815614,"z":-7.450580596923828e-9},"rotation":{"x":-0.04422995448112488,"y":0.6969902515411377,"z":-0.043114736676216128,"w":-0.7143411636352539},"size":0.09432259947061539,"orthographic":false}