{"cameraMode":{"drawMode":0,"name":"Shaded","section":"Shading Mode"},"sceneLighting":false,"audioPlay":false,"sceneViewState":{"showFog":true,"showMaterialUpdate":false,"showSkybox":false,"showFlares":true,"showImageEffects":true,"showParticleSystems":true,"showVisualEffectGraphs":true,"m_FxEnabled":true},"in2DMode":false,"pivot":{"x":1.4901161193847657e-8,"y":0.033835601061582568,"z":-2.9802322387695315e-8},"rotation":{"x":-0.025781413540244104,"y":-0.7034538984298706,"z":0.0255570150911808,"w":-0.7098087668418884},"size":0.1832277774810791,"orthographic":false}