{"cameraMode":{"drawMode":0,"name":"Shaded","section":"Shading Mode"},"sceneLighting":true,"audioPlay":false,"sceneViewState":{"m_AlwaysRefresh":false,"showFog":true,"showSkybox":false,"showFlares":true,"showImageEffects":true,"showParticleSystems":true,"showVisualEffectGraphs":true,"m_FxEnabled":true},"in2DMode":false,"pivot":{"x":0.06647014617919922,"y":1.241654872894287,"z":0.5704523324966431},"rotation":{"x":-0.0018500933656468988,"y":0.9976203441619873,"z":0.04612990468740463,"w":0.04800378903746605},"size":1.2106871604919434,"orthographic":false}