{"cameraMode":{"drawMode":0,"name":"Shaded","section":"Shading Mode"},"sceneLighting":true,"audioPlay":false,"sceneViewState":{"showFog":true,"showMaterialUpdate":false,"showSkybox":true,"showFlares":true,"showImageEffects":true,"showParticleSystems":true,"showVisualEffectGraphs":true,"m_FxEnabled":true},"in2DMode":false,"pivot":{"x":0.0038129203021526338,"y":-0.968165397644043,"z":0.6919872164726257},"rotation":{"x":-0.46205607056617739,"y":-0.000800150737632066,"z":0.0004188508610241115,"w":-0.8868584632873535},"size":1.0883798599243165,"orthographic":false}