{"cameraMode":{"drawMode":0,"name":"Shaded","section":"Shading Mode"},"sceneLighting":false,"audioPlay":false,"sceneViewState":{"m_AlwaysRefresh":false,"showFog":true,"showSkybox":false,"showFlares":true,"showImageEffects":true,"showParticleSystems":true,"showVisualEffectGraphs":true,"m_FxEnabled":true},"in2DMode":false,"pivot":{"x":-0.0035919547080993654,"y":0.14590798318386079,"z":-0.003180563449859619},"rotation":{"x":0.008915781043469906,"y":0.9585652351379395,"z":-0.2827088534832001,"w":0.028705144301056863},"size":0.8413507342338562,"orthographic":false}